Workbook
Name MetaL1: #REF!
Name ML2L1: #REF!
Name XetaL1: #REF!
Name xL2L1: #REF!
Name YetaL1: #REF!
Name YL2L1: #REF!

Sheet NOTICE

Sheet General
A1: This estimation is based on the following publication:
A2: a) PIANC, 2014, " Harbour approach channels design guidelines", Report n°121, Maritime Navigation Commission
A4: Estimation of GM and KG for loaded ships
B6: Initial data
B7: Type of ship: | C7: Trirème
B8: Lpp (m) | C8: 35.5
B9: Breadth (m) B: | C9: 5.5
B10: Full load draft (m): | C10: 1.25
B11: Displacement (m3): | C11: 108.1
B12: CB: | C12: =C11/(C8*C9*C10) -> 0.44291933
B14: Estimation of GM
D16: C1is in the range of 0.5 to 2 depending on ship condition. C1=1 is a good mean value.
D19: with | E19: C1= | F19: 2
F21: =F19*C9/25 -> 0.44 | G21: m
B23: Other estimation of GM according to this table:
F26: =0.3*C10 -> 0.375 | G26: m
B38: Estimation of KG
E42: =C10*(0.84-(0.33*C12/(0.18+0.87*C12))) -> 0.72682406 | F42: m
G48: =C9^2/(20.4*C12*C10) -> 2.6783083 | H48: m
D53: =E42-F21+G48 -> 2.9651323 | E53: m
D54: or
D55: =E42-F26+G48 -> 3.0301323 | E55: m

Sheet Roll period - Inertia
D4: Roll period Tf :
B5: Initial data
B6: Type of ship: | C6: =General!C7 -> Trirème
B7: Breadth (m) B: | C7: =General!C9 -> 5.5 | E7: JSRA: | G7: Roll period
B8: Freeboard (m): | C8: =2.75-General!C10 -> 1.5 | G8: Parameter k: | H8: =0.3437+0.024*C7/C9 -> 0.3917
B9: Depth D (m): | C9: =C8+General!C10 -> 2.75 | G9: Roll period (s): | H9: =2*H8*C7/SQRT(C13) -> 4.9752582
B10: Full load draft T (m): | C10: =General!C10 -> 1.25
B11: KM (m): | C11: 3.75
B12: KG (m): | C12: 3
B13: GMt (m): | C13: =C11-C12 -> 0.75
E15: Doyère (c=0.34): | G15: Roll period
G16: Roll period (s): | H16: =0.34*SQRT((C7^2+4*C12^2)/C13) -> 3.1955177
E20: ITTC, 2017 | G20: Roll period
G21: kxx (m): | H21: =SQRT((0.4*(C7+C9)^2+0.6*(C7^2+C9^2)-(2*C10-C9/2-C12)^2)/12) -> 1.9663179
G22: axx (m): | H22: =0.05*C7^2/C10 -> 1.21
G23: Roll period (s): | H23: =2*PI()*SQRT((H21^2+H22^2)/9.81/C13) -> 5.3480931
E25: Grin, 2016 | G25: Roll period
G26: cfluid: | H26: 1
G27: b: | H27: 14.7
G28: kxx (m): | H28: =SQRT((C7^2+C9^2)/H27+(C9/2-C12)^2) -> 2.2831785
G29: axx (m): | H29: =0.05*C7^2/C10 -> 1.21
G30: Roll period (s): | H30: =2*PI()*SQRT((H28^2+H29^2)/9.81/C13) -> 5.9855705
E33: Inertia | G33: Inertia
G34: kxx (m): | H34: =0.35*C7 -> 1.925
G35: kyy (m): | H35: =0.25*General!C8 -> 8.875
G36: kzz (m): | H36: =0.25*General!C8 -> 8.875
